James,796332032 kb,19-04-1991,Bath,Kingsway,72
Alex,791570432 kb,06-12-2016,Bangor,Canal,13
Ben,687690752 kb,15-03-2014,Brislot,Mosley,24
Tom,16164864 kb,24-05-2001,Belfast,Portland,51
Ryan,293150720 kb,02-03-2008,Bradford,Sackville,79
Liam,841601024 kb,09-05-2005,Carlisle,Oxford,53
Harry,759732224 kb,12-12-1991,Exeter,Princess,57
David,99235840 kb,06-12-2005,Lancaster,Quay,47
Joe,341548032 kb,22-04-2012,Norwich,Spring,43
Lewis,142297088 kb,24-06-1999,Perth,Wilmslow,48
James,723620864 kb,23-11-2003,Bath,Kingsway,64
Alex,1015779328 kb,06-08-1993,Bangor,Canal,90
Ben,205616128 kb,17-12-1999,Brislot,Mosley,52
Tom,410511360 kb,22-01-1996,Belfast,Portland,58
Ryan,789557248 kb,03-10-1997,Bradford,Sackville,59
Liam,287459328 kb,17-02-2014,Carlisle,Oxford,18
Harry,86140928 kb,25-12-2015,Exeter,Princess,24
David,602993664 kb,24-04-2001,Lancaster,Quay,78
Joe,95608832 kb,08-01-2010,Norwich,Spring,68
Lewis,759944192 kb,19-08-1995,Perth,Wilmslow,12
